ID_OFERTA,DS_CUPOM_LOJA,DS_URL_ORIGEM
1984,achadinhoscomcarol.com.br,https://achadinhoscomcarol.com.br/p/6ecYCfWiT6
1988,achadinhoscomcarol.com.br,https://achadinhoscomcarol.com.br/p/XZcQwCJFSp
1995,epocacosmeticos.com.br,https://www.epocacosmeticos.com.br/perfume-vintage-iris-granado-unissex-eau-toillete/p?utm_source=pb_achadinhoscomcarol&utm_campaign=promo_julhooo_072026&utm_medium=post_c
1996,epocacosmeticos.com.br,https://www.epocacosmeticos.com.br/epoque-tropical-granado-vintage-perfume-unissex/p?utm_source=pb_achadinhoscomcarol&utm_campaign=promo_julhooo_072026&utm_medium=post_c
1997,epocacosmeticos.com.br,https://www.epocacosmeticos.com.br/acai-oil-cadiveu-tratamento-reconstrutor/p?utm_source=pb_achadinhoscomcarol&utm_campaign=promo_julhooo_072026&utm_medium=post_c
2000,achadinhoscomcarol.com.br,https://achadinhoscomcarol.com.br/p/9rpucKmQXR
2002,achadinhoscomcarol.com.br,https://achadinhoscomcarol.com.br/p/QBzEjbpiTn
2003,achadinhoscomcarol.com.br,https://achadinhoscomcarol.com.br/p/jxRV6lnuvG
2043,achadinhoscomcarol.com.br,https://achadinhoscomcarol.com.br/p/LTLjgYycGs
2386,blz.to,https://blz.to/r/M1ZJ4FFypf
2387,blz.to,https://blz.to/r/C8d6Ld54TI
2834,epocacosmeticos.com.br,https://www.epocacosmeticos.com.br/rejuvenescedor-facial-mantecorp-skincare-ivy-c-aox-gel/p?utm_source=pb_achadinhoscomcarol&utm_campaign=promo_julhooo_072026&utm_medium=post_c
3076,epocacosmeticos.com.br,https://www.epocacosmeticos.com.br/serum-antioleosidade-e-antiacne-mantecorp-skincare-glycare-control/p?utm_source=pb_achadinhoscomcarol&utm_campaign=promo_julhooo_072026&utm_medium=post_c
3079,epocacosmeticos.com.br,https://www.epocacosmeticos.com.br/rejuvenescedor-facial-mantecorp-skincare-ivy-c-aox-gel/p?utm_source=pb_achadinhoscomcarol&utm_campaign=promo_julhooo_072026&utm_medium=post_c
3526,epocacosmeticos.com.br,https://www.epocacosmeticos.com.br/perfume-vintage-iris-granado-unissex-eau-toillete/p?utm_source=pb_achadinhoscomcarol&utm_campaign=promo_julhooo_072026&utm_medium=post_c
3537,epocacosmeticos.com.br,https://www.epocacosmeticos.com.br/acai-oil-cadiveu-tratamento-reconstrutor/p?utm_source=pb_achadinhoscomcarol&utm_campaign=promo_julhooo_072026&utm_medium=post_c
3561,epocacosmeticos.com.br,https://www.epocacosmeticos.com.br/perfume-vintage-citrus-brasilis-granado-unissex/p?utm_source=pb_achadinhoscomcarol&utm_campaign=promo_julhooo_072026&utm_medium=post_c
3795,achadinhoscomcarol.com.br,https://achadinhoscomcarol.com.br/p/hCJCPeH0ut
3819,achadinhoscomcarol.com.br,https://achadinhoscomcarol.com.br/p/IBaPa2WQzY
3943,blz.to,https://blz.to/r/qhNSAsYjhT
4203,epocacosmeticos.com.br,https://www.epocacosmeticos.com.br/o-u-i-madeleine-perfume-feminino-eau-de-parfum-1/p?utm_source=pb_achadinhoscomcarol&utm_campaign=promo_julhooo_072026&utm_medium=post_c
4789,blz.to,https://blz.to/r/J-BQQ0xwaw
4904,blz.to,https://blz.to/r/HUkcYowwvx
4951,achadinhoscomcarol.com.br,https://achadinhoscomcarol.com.br/p/OAjsOX0Riu
4992,epocacosmeticos.com.br,https://www.epocacosmeticos.com.br/body-cream-ceramide-creamy-sem-fragancia/p?utm_source=pb_achadinhoscomcarol&utm_campaign=promo_julhooo_072026&utm_medium=post_c
4993,epocacosmeticos.com.br,https://www.epocacosmeticos.com.br/protetor-solar-dermage-photoage-stick-fps99/p?utm_source=pb_achadinhoscomcarol&utm_campaign=promo_julhooo_072026&utm_medium=post_c
5003,blz.to,https://blz.to/r/LOh6aJ99Tx
5029,epocacosmeticos.com.br,https://www.epocacosmeticos.com.br/avene-cleanance-kit-gel-de-limpeza-facial-profunda-150g-40g/p?utm_source=pb_achadinhoscomcarol&utm_campaign=promo_julhooo_072026&utm_medium=post_c
5123,achadinhoscomcarol.com.br,https://achadinhoscomcarol.com.br/p/cPJXSSZQyO
5135,achadinhoscomcarol.com.br,https://achadinhoscomcarol.com.br/p/rZfWGh9xpA
5158,achadinhoscomcarol.com.br,https://achadinhoscomcarol.com.br/p/GZCrIDfb7d
5302,blz.to,https://blz.to/r/GXfe24O-A2
5355,blz.to,https://blz.to/r/rl1quBrGMn
5555,blz.to,https://blz.to/r/42lIK7_it_
5556,blz.to,https://blz.to/r/XkYeFRWkFz
5614,zzmall.com.br,https://www.zzmall.com.br/bolsa-tiracolo-preta-media-granulada-metais/p/A5002309890001U?influ=achadinhoscomcarol
5810,epocacosmeticos.com.br,https://www.epocacosmeticos.com.br/very-good-girl-glam-carolina-herrera-perfume-feminino-eau-de-parfum/p?utm_source=pb_achadinhoscomcarol&utm_campaign=promo_julhooo_072026&utm_medium=post_c
5832,epocacosmeticos.com.br,https://www.epocacosmeticos.com.br/prada-paradoxe-perfume-feminino-eau-de-parfum/p?utm_source=pb_achadinhoscomcarol&utm_campaign=promo_julhooo_072026&utm_medium=post_c
5835,epocacosmeticos.com.br,https://www.epocacosmeticos.com.br/l-interdit-givenchy-perfume-feminino-eau-de-parfum/p?utm_source=pb_achadinhoscomcarol&utm_campaign=promo_julhooo_072026&utm_medium=post_c
5843,achadinhoscomcarol.com.br,https://achadinhoscomcarol.com.br/p/YPxWeWg5ku
6005,achadinhoscomcarol.com.br,https://achadinhoscomcarol.com.br/p/cgvIguBhNY
6008,achadinhoscomcarol.com.br,https://achadinhoscomcarol.com.br/p/KwnWiz56rW
6012,achadinhoscomcarol.com.br,https://achadinhoscomcarol.com.br/p/7TEsGOq6ZE
6013,achadinhoscomcarol.com.br,https://achadinhoscomcarol.com.br/p/xu9PSWw8UG
6015,achadinhoscomcarol.com.br,https://achadinhoscomcarol.com.br/p/EOv45VBuBW
6180,blz.to,https://blz.to/r/lCzu5-hXQR
6181,blz.to,https://blz.to/r/o2QTqLkaaN
6682,epocacosmeticos.com.br,https://www.epocacosmeticos.com.br/perfume-vintage-aurora-granado-eau-toillete/p?utm_source=pb_achadinhoscomcarol&utm_campaign=promo_julhooo_072026&utm_medium=post_c
6699,epocacosmeticos.com.br,https://www.epocacosmeticos.com.br/perfume-vintage-citrus-brasilis-granado-unissex/p?utm_source=pb_achadinhoscomcarol&utm_campaign=promo_julhooo_072026&utm_medium=post_c
6705,epocacosmeticos.com.br,https://www.epocacosmeticos.com.br/damascena-granado-vintage-perfume-unissex-colonia/p?utm_source=pb_achadinhoscomcarol&utm_campaign=promo_julhooo_072026&utm_medium=post_c
6707,epocacosmeticos.com.br,https://www.epocacosmeticos.com.br/perfume-good-girl-jasmine-absolute-carolina-herrera-feminino-edp/p?utm_source=pb_achadinhoscomcarol&utm_campaign=promo_julhooo_072026&utm_medium=post_c
6715,epocacosmeticos.com.br,https://www.epocacosmeticos.com.br/perfume-vintage-lavanda-granado-eau-toillete/p?utm_source=pb_achadinhoscomcarol&utm_campaign=promo_julhooo_072026&utm_medium=post_c
6716,epocacosmeticos.com.br,https://www.epocacosmeticos.com.br/perfume-lichiaepim-phebo-unissex/p?utm_source=pb_achadinhoscomcarol&utm_campaign=promo_julhooo_072026&utm_medium=post_c
6721,epocacosmeticos.com.br,https://www.epocacosmeticos.com.br/isolda-cajueiro-eau-de-parfum-phebo-perfume-unissex/p?utm_source=pb_achadinhoscomcarol&utm_campaign=promo_julhooo_072026&utm_medium=post_c
6723,epocacosmeticos.com.br,https://www.epocacosmeticos.com.br/perfume-ginga-phebo-unissex-eau-de-parfum/p?utm_source=pb_achadinhoscomcarol&utm_campaign=promo_julhooo_072026&utm_medium=post_c
6728,epocacosmeticos.com.br,https://www.epocacosmeticos.com.br/perfume-vintage-nostalgia-granado-unissex-parfum/p?utm_source=pb_achadinhoscomcarol&utm_campaign=promo_julhooo_072026&utm_medium=post_c
6824,achadinhoscomcarol.com.br,https://achadinhoscomcarol.com.br/p/9AvnkJDvUq
6848,blz.to,https://blz.to/r/AwDI2GOjYh
6850,blz.to,https://blz.to/r/Y0g6hsCMCW
6954,epocacosmeticos.com.br,https://www.epocacosmeticos.com.br/l-air-du-temps-nina-ricci-edicao-limitada-perfume-feminino-eau-de-toilette/p?utm_source=pb_achadinhoscomcarol&utm_campaign=promo_julhooo_072026&utm_medium=post_c
6955,epocacosmeticos.com.br,https://www.epocacosmeticos.com.br/colecao/3636?utm_source=pb_achadinhoscomcarol&utm_campaign=promo_agostoepoca_082026&utm_medium=post_c
7413,blz.to,https://blz.to/r/Lq_NS8S_SV
7416,blz.to,https://blz.to/r/wqCh017wo6
7513,achadinhoscomcarol.com.br,https://achadinhoscomcarol.com.br/p/MUDSK41Bz9
7515,blz.to,https://blz.to/r/32CQeWACuZ
7576,blz.to,https://blz.to/r/mSONcbUx2o
7579,blz.to,https://blz.to/r/8pBAS6hczr
7831,blz.to,https://blz.to/r/MadXU3kQTV
7879,blz.to,https://blz.to/r/7fxRXKo4uK
7882,blz.to,https://blz.to/r/Ni-S2HjyGb
7884,blz.to,https://blz.to/r/aXYByKV4qx
7886,blz.to,https://blz.to/r/_kcn0kvN3A
7990,blz.to,https://blz.to/r/61ITLQu9IH
7992,blz.to,https://blz.to/r/NvdpZa4yjj
8089,blz.to,https://blz.to/r/yPjF-qA4W3
8090,blz.to,https://blz.to/r/KZDNZyWQvd
8274,achadinhoscomcarol.com.br,https://achadinhoscomcarol.com.br/p/o43oXY7jnE
9114,blz.to,https://blz.to/r/ELwJraEe6i
9142,epocacosmeticos.com.br,https://www.epocacosmeticos.com.br/body-mist-jo-malone-london-english-pear--freesia/p?utm_source=pb_achadinhoscomcarol&utm_campaign=promo_agostoepoca_082026&utm_medium=post_c
9350,epocacosmeticos.com.br,https://www.epocacosmeticos.com.br/perfume-good-girl-jasmine-absolute-carolina-herrera-feminino-edp/p?utm_source=pb_achadinhoscomcarol&utm_campaign=promo_agostoepoca_082026&utm_medium=post_c
9633,blz.to,https://blz.to/r/ed0QlCySYj
9649,epocacosmeticos.com.br,https://www.epocacosmeticos.com.br/perfume-vintage-infusao-granado-unissex-parfum/p?utm_source=pb_achadinhoscomcarol&utm_campaign=promo_agostoepoca_082026&utm_medium=post_c
9672,epocacosmeticos.com.br,https://www.epocacosmeticos.com.br/bruna-tavares?brand=bruna-tavares&sellername=epoca-cosmeticos&facets=brand%2Csellername&sort=discount_desc&page=0&utm_source=pb_achadinhoscomcarol&utm_campaign=promo_agostoepoca_082026&utm_medium=post_c
9676,epocacosmeticos.com.br,https://www.epocacosmeticos.com.br/po-compacto-translucido-boca-rosa/p?utm_source=pb_achadinhoscomcarol&utm_campaign=promo_julhooo_072026&utm_medium=post_c
9965,blz.to,https://blz.to/r/UYhyqENlU4
9991,blz.to,https://blz.to/r/xldIy5jpH0
10515,achadinhoscomcarol.com.br,https://achadinhoscomcarol.com.br/p/4ND1RQIkeh
10592,epocacosmeticos.com.br,https://www.epocacosmeticos.com.br/body-mist-jo-malone-london-english-pear--freesia/p?utm_source=pb_achadinhoscomcarol&utm_campaign=promo_julhooo_072026&utm_medium=post_c
10739,blz.to,https://blz.to/r/gqwB4LZ4GG
10839,epocacosmeticos.com.br,https://www.epocacosmeticos.com.br/lady-million-royal-paco-rabanne-perfume-feminino-eau-de-parfum/p?utm_source=pb_achadinhoscomcarol&utm_campaign=promo_julhooo_072026&utm_medium=post_c
11511,epocacosmeticos.com.br,https://www.epocacosmeticos.com.br/mac?utm_source=pb_achadinhoscomcarol&utm_campaign=promo_agostoepoca_082026&utm_medium=post_c
11512,blz.to,https://blz.to/r/7tXsuMVjZ-
11518,blz.to,https://blz.to/r/wrWbCM7Hnf
11527,epocacosmeticos.com.br,https://www.epocacosmeticos.com.br/perfume-light-blue-dolce--gabbana-feminino-eau-de-parfum/p?utm_source=pb_achadinhoscomcarol&utm_campaign=promo_julhooo_072026&utm_medium=post_c
11631,epocacosmeticos.com.br,https://www.epocacosmeticos.com.br/bamboo-gucci-perfume-feminino-eau-de-parfum/p?utm_source=pb_achadinhoscomcarol&utm_campaign=promo_agostoepoca_082026&utm_medium=post_c
11714,blz.to,https://blz.to/r/jTnG-cJ5ee
11957,blz.to,https://blz.to/r/US1UNzO2d0
12065,blz.to,https://blz.to/r/Cn_htD_L0M
12067,blz.to,https://blz.to/r/ft9oW6Z-cW
12246,blz.to,https://blz.to/r/ICagl1fdJ1
12247,blz.to,https://blz.to/r/_ngBIoSLkA
12248,blz.to,https://blz.to/r/HW_OqmwMQG
12721,blz.to,https://blz.to/r/UKqLP9nY9F
12732,blz.to,https://blz.to/r/s3Vs9Dalpo
12737,blz.to,https://blz.to/r/dZmpiFUDMs
12846,blz.to,https://blz.to/r/H6WZhh6xNs
13198,blz.to,https://blz.to/r/wKVkBaSMiE
13200,blz.to,https://blz.to/r/0BtZONkGmg
13237,achadinhoscomcarol.com.br,https://achadinhoscomcarol.com.br/p/n8914a7RN2
13385,epocacosmeticos.com.br,https://www.epocacosmeticos.com.br/mascavo?utm_source=pb_achadinhoscomcarol&utm_campaign=promo_agostoepoca_082026&utm_medium=post_c
14136,blz.to,https://blz.to/r/LbBjcyYmMl
14168,blz.to,https://blz.to/r/bggodWZWcS
14179,blz.to,https://blz.to/r/PaKGzsjoPM
14936,blz.to,https://blz.to/r/mD1XQYJ7Cm
14992,blz.to,https://blz.to/r/SscVeGRdDh
15489,blz.to,https://blz.to/r/-L9awx3ckk
15603,epocacosmeticos.com.br,https://www.epocacosmeticos.com.br/212-vip-men-black-carolina-herrera-body-spray/p?utm_source=pb_achadinhoscomcarol&utm_campaign=promo_agostoepoca_082026&utm_medium=post_c
15604,epocacosmeticos.com.br,https://www.epocacosmeticos.com.br/perfume-la-bomba-carolina-herrera-feminino-eau-de-parfum/p?utm_source=pb_achadinhoscomcarol&utm_campaign=promo_agostoepoca_082026&utm_medium=post_c
15606,epocacosmeticos.com.br,https://www.epocacosmeticos.com.br/black-xs-for-her-paco-rabanne-perfume-feminino-eau-de-parfum/p?utm_source=pb_achadinhoscomcarol&utm_campaign=promo_agostoepoca_082026&utm_medium=post_c
15607,epocacosmeticos.com.br,https://www.epocacosmeticos.com.br/212-vip-rose-carolina-herrera-body-spray/p?utm_source=pb_achadinhoscomcarol&utm_campaign=promo_agostoepoca_082026&utm_medium=post_c
15608,epocacosmeticos.com.br,https://www.epocacosmeticos.com.br/212-sexy-eau-de-parfum-carolina-herrera-perfume-feminino/p?idsku=24774&utm_source=pb_achadinhoscomcarol&utm_campaign=promo_agostoepoca_082026&utm_medium=post_c
15609,epocacosmeticos.com.br,https://www.epocacosmeticos.com.br/perfume-gaultier-divine-couture-jean-paul-gaultier-feminino-eau-de-parfum/p?utm_source=pb_achadinhoscomcarol&utm_campaign=promo_agostoepoca_082026&utm_medium=post_c
15610,epocacosmeticos.com.br,https://www.epocacosmeticos.com.br/jean-paul-gaultier-divine-coffret-perfume-feminino-eau-de-parfum-creme-corporal/p?utm_source=pb_achadinhoscomcarol&utm_campaign=promo_agostoepoca_082026&utm_medium=post_c
15611,epocacosmeticos.com.br,https://www.epocacosmeticos.com.br/good-girl-blush-carolina-herrera-perfume-feminino-eau-de-parfum/p?utm_source=pb_achadinhoscomcarol&utm_campaign=promo_agostoepoca_082026&utm_medium=post_c
15614,epocacosmeticos.com.br,https://www.epocacosmeticos.com.br/nina-fleur-nina-ricci-perfume-feminino-edt/p?utm_source=pb_achadinhoscomcarol&utm_campaign=promo_agostoepoca_082026&utm_medium=post_c
15618,epocacosmeticos.com.br,https://www.epocacosmeticos.com.br/lady-million-fabulous-paco-rabanne-perfume-feminino-edp/p?utm_source=pb_achadinhoscomcarol&utm_campaign=promo_agostoepoca_082026&utm_medium=post_c
15628,epocacosmeticos.com.br,https://www.epocacosmeticos.com.br/hypnotic-poison-eau-de-toilette-dior-perfume-feminino/p?utm_source=pb_achadinhoscomcarol&utm_campaign=promo_julhooo_072026&utm_medium=post_c
15629,epocacosmeticos.com.br,https://www.epocacosmeticos.com.br/perfume-212-vip-rose-ny-rodeo-feminino-carolina-herrera-eau-de-parfum/p?utm_source=pb_achadinhoscomcarol&utm_campaign=promo_agostoepoca_082026&utm_medium=post_c
15633,epocacosmeticos.com.br,https://www.epocacosmeticos.com.br/coffret-nina-ricci-kit-perfume-edt--bi/p?utm_source=pb_achadinhoscomcarol&utm_campaign=promo_agostoepoca_082026&utm_medium=post_c
15644,epocacosmeticos.com.br,https://www.epocacosmeticos.com.br/perfume-good-girl-jasmine-absolute-carolina-herrera-feminino-edp/p?idsku=212622&utm_source=pb_achadinhoscomcarol&utm_campaign=promo_agostoepoca_082026&utm_medium=post_c
15690,epocacosmeticos.com.br,https://www.epocacosmeticos.com.br/coffret-rojo-shakira-kit-perfume-edp--cr/p?utm_source=pb_achadinhoscomcarol&utm_campaign=promo_agostoepoca_082026&utm_medium=post_c
15691,epocacosmeticos.com.br,https://www.epocacosmeticos.com.br/good-girl-blush-elixir-carolina-herrera-perfume-feminino-edp/p?utm_source=pb_achadinhoscomcarol&utm_campaign=promo_agostoepoca_082026&utm_medium=post_c
15709,epocacosmeticos.com.br,https://www.epocacosmeticos.com.br/nina-ricci-nina-pefume-feminino-eau-de-parfum/p?utm_source=pb_achadinhoscomcarol&utm_campaign=promo_agostoepoca_082026&utm_medium=post_c
15720,blz.to,https://blz.to/r/_PbC_sC0Vd
15730,epocacosmeticos.com.br,https://www.epocacosmeticos.com.br/coffret-rabanne-1-million-kit-perfume-masculino-edt-gel-de-banho/p?utm_source=pb_achadinhoscomcarol&utm_campaign=promo_agostoepoca_082026&utm_medium=post_c
15963,blz.to,https://blz.to/r/J2LmpVO6l1
16412,blz.to,https://blz.to/r/XiLcYl5CRP
16415,epocacosmeticos.com.br,https://www.epocacosmeticos.com.br/perfume-power-of-you-emporio-armani-feminino-parfum/p?utm_source=pb_achadinhoscomcarol&utm_campaign=promo_julhooo_072026&utm_medium=post_c
16418,epocacosmeticos.com.br,https://www.epocacosmeticos.com.br/fame-rabanne-hair-mist-perfume-para-cabelos/p?utm_source=pb_achadinhoscomcarol&utm_campaign=promo_agostoepoca_082026&utm_medium=post_c
16419,epocacosmeticos.com.br,https://www.epocacosmeticos.com.br/perfume-la-bomba-carolina-herrera-feminino-eau-de-parfum/p?utm_source=pb_achadinhoscomcarol&utm_campaign=promo_agostoepoca_082026&utm_medium=post_c
16420,epocacosmeticos.com.br,https://www.epocacosmeticos.com.br/coffret-rabanne-1-million-kit-perfume-masculino-edt-gel-de-banho/p?utm_source=pb_achadinhoscomcarol&utm_campaign=promo_agostoepoca_082026&utm_medium=post_c
16421,epocacosmeticos.com.br,https://www.epocacosmeticos.com.br/perfume-gaultier-divine-couture-jean-paul-gaultier-feminino-eau-de-parfum/p?utm_source=pb_achadinhoscomcarol&utm_campaign=promo_agostoepoca_082026&utm_medium=post_c
16432,epocacosmeticos.com.br,https://www.epocacosmeticos.com.br/jean-paul-gaultier-divine-coffret-perfume-feminino-eau-de-parfum-creme-corporal/p?utm_source=pb_achadinhoscomcarol&utm_campaign=promo_agostoepoca_082026&utm_medium=post_c
16434,epocacosmeticos.com.br,https://www.epocacosmeticos.com.br/olympea-flora-paco-rabanne-perfume-feminino-eau-de-parfum/p?utm_source=pb_achadinhoscomcarol&utm_campaign=promo_agostoepoca_082026&utm_medium=post_c
16436,epocacosmeticos.com.br,https://www.epocacosmeticos.com.br/pink-raspberry-sisterland-united-colors-of-benetton-perfume-feminino-edt/p?utm_source=pb_achadinhoscomcarol&utm_campaign=promo_agostoepoca_082026&utm_medium=post_c
16437,epocacosmeticos.com.br,https://www.epocacosmeticos.com.br/dream-shakira-perfume-feminino-eau-de-toilette/p?utm_source=pb_achadinhoscomcarol&utm_campaign=promo_agostoepoca_082026&utm_medium=post_c
16666,blz.to,https://blz.to/r/MqoxWo-8RR
17204,blz.to,https://blz.to/r/FPyvsaVgFh
17268,blz.to,https://blz.to/r/5izbq6PNZg
17393,epocacosmeticos.com.br,https://www.epocacosmeticos.com.br/spray-perfumado-jenipa-loccitane-au-bresil-feminino/p?utm_source=pb_achadinhoscomcarol&utm_campaign=promo_agostoepoca_082026&utm_medium=post_c
17396,epocacosmeticos.com.br,https://www.epocacosmeticos.com.br/spray-perfumado-brigadeiro-loccitane-au-bresil-feminino/p?utm_source=pb_achadinhoscomcarol&utm_campaign=promo_agostoepoca_082026&utm_medium=post_c
17469,blz.to,https://blz.to/r/YA_-NfUT-h
17734,blz.to,https://blz.to/r/LnEweibv-T
17813,epocacosmeticos.com.br,https://www.epocacosmeticos.com.br/chloe-rose-tangerine-chloe-perfume-feminino-edt/p?utm_source=pb_achadinhoscomcarol&utm_campaign=promo_agostoepoca_082026&utm_medium=post_c
17816,epocacosmeticos.com.br,https://www.epocacosmeticos.com.br/kylie-jenner-cosmic-perfume-feminino-eau-de-parfum/p?utm_source=pb_achadinhoscomcarol&utm_campaign=promo_agostoepoca_082026&utm_medium=post_c
18027,epocacosmeticos.com.br,https://www.epocacosmeticos.com.br/protetor-solar-biore-aqua-rich-aqua-protect-lotion-fps-50/p?utm_source=pb_achadinhoscomcarol&utm_campaign=promo_agostoepoca_082026&utm_medium=post_c
18028,epocacosmeticos.com.br,https://www.epocacosmeticos.com.br/perfume-daisy-wild-eau-so-intense-marc-jacobs-feminino-eau-de-parfum/p?utm_source=pb_achadinhoscomcarol&utm_campaign=promo_agostoepoca_082026&utm_medium=post_c
18146,blz.to,https://blz.to/r/C68WtXGnBy
18165,epocacosmeticos.com.br,https://www.epocacosmeticos.com.br/acai-oil-cadiveu-tratamento-reconstrutor/p?utm_source=pb_achadinhoscomcarol&utm_campaign=resenha&utm_medium=post-c
18168,epocacosmeticos.com.br,https://www.epocacosmeticos.com.br/wella-professionals-invigo-nutri-enrich-mascara-30ml/p?utm_source=pb_achadinhoscomcarol&utm_campaign=resenha&utm_medium=post-c
18181,epocacosmeticos.com.br,https://www.epocacosmeticos.com.br/versace-bright-crystal-edt-kit-perfume-feminino-body-lotion/p?utm_source=pb_achadinhoscomcarol&utm_campaign=promo_agostoepoca_082026&utm_medium=post_c
18246,epocacosmeticos.com.br,https://www.epocacosmeticos.com.br/creme-hidratante-creamy-calming-cream/p?utm_source=pb_achadinhoscomcarol&utm_campaign=promo_agostoepoca_082026&utm_medium=post_c
18247,epocacosmeticos.com.br,https://www.epocacosmeticos.com.br/hypnotic-poison-eau-de-toilette-dior-perfume-feminino/p?utm_source=pb_achadinhoscomcarol&utm_campaign=promo_agostoepoca_082026&utm_medium=post_c
18274,blz.to,https://blz.to/r/RnxZR7wU7t
18598,blz.to,https://blz.to/r/ygTWAuQ1aV
18608,blz.to,https://blz.to/r/sTIkTijl1m
18610,epocacosmeticos.com.br,https://www.epocacosmeticos.com.br/l-air-du-temps-nina-ricci-edicao-limitada-perfume-feminino-eau-de-toilette/p?utm_source=pb_achadinhoscomcarol&utm_campaign=promo_junhojunhao_062026&utm_medium=post_c
18614,blz.to,https://blz.to/r/V_-Bnmdd-N
18615,blz.to,https://blz.to/r/q9Fph3dgeF
18624,epocacosmeticos.com.br,https://www.epocacosmeticos.com.br/protetor-solar-biore-aqua-rich-aqua-protect-lotion-fps-50/p?utm_source=pb_achadinhoscomcarol&utm_campaign=promo_agostoepoca_082026&utm_medium=post_c
18656,epocacosmeticos.com.br,https://www.epocacosmeticos.com.br/acai-oil-cadiveu-tratamento-reconstrutor/p?utm_source=pb_achadinhoscomcarol&utm_campaign=promo_agostoepoca_082026&utm_medium=post_c
19017,epocacosmeticos.com.br,https://www.epocacosmeticos.com.br/prada-paradoxe-perfume-feminino-eau-de-parfum/p?utm_source=pb_achadinhoscomcarol&utm_campaign=promo_agostoepoca_082026&utm_medium=post_c
19073,blz.to,https://blz.to/r/FWBa7Vrq56
19178,epocacosmeticos.com.br,https://www.epocacosmeticos.com.br/l-air-du-temps-nina-ricci-edicao-limitada-perfume-feminino-eau-de-toilette/p?utm_source=pb_achadinhoscomcarol&utm_campaign=promo_agostoepoca_082026&utm_medium=post_c
19194,blz.to,https://blz.to/r/b4bSMm2Cz5
19196,blz.to,https://blz.to/r/N0of1abE10
19247,epocacosmeticos.com.br,https://www.epocacosmeticos.com.br/wella-professionals-invigo-nutri-enrich-mascara-30ml/p?utm_source=pb_achadinhoscomcarol&utm_campaign=resenha&utm_medium=post-c
19263,epocacosmeticos.com.br,https://www.epocacosmeticos.com.br/wella-professionals-ultimate-repair-miniatura-shampoo/p?utm_source=pb_achadinhoscomcarol&utm_campaign=resenha&utm_medium=post-c
19304,on.ltk.com,https://on.ltk.com/+hV-A8WazPqKME5KxN1Zc4A
19373,blz.to,https://blz.to/r/ZUKh_FxNPq
19845,blz.to,https://blz.to/r/ujhTlPaa_l
19846,blz.to,https://blz.to/r/XLE1g7aqll
20133,blz.to,https://blz.to/r/xTgloSOCkZ
20135,blz.to,https://blz.to/r/qyEBmE837u
20148,epocacosmeticos.com.br,https://www.epocacosmeticos.com.br/forever-and-ever-eau-de-toilette-dior-perfume-feminino/p?utm_source=pb_achadinhoscomcarol&utm_campaign=promo_julhooo_072026&utm_medium=post_c
20245,blz.to,https://blz.to/r/RU0eSO65wv
20298,blz.to,https://blz.to/r/GblbwbSpUN
20300,blz.to,https://blz.to/r/DovOSgVESA
20301,blz.to,https://blz.to/r/Szmh9RGxBt
20306,blz.to,https://blz.to/r/Uv3n-fJMj_
20386,epocacosmeticos.com.br,https://www.epocacosmeticos.com.br/protetor-solar-biore-aqua-rich-aqua-protect-lotion-fps-50/p?utm_source=pb_achadinhoscomcarol&utm_campaign=promo_agostoepoca_082026&utm_medium=post_c
20457,blz.to,https://blz.to/r/cZ5lA3CPCg
20514,blz.to,https://blz.to/r/T-2NlttWqF
21188,blz.to,https://blz.to/r/MrZO_jl0OE
21189,blz.to,https://blz.to/r/m9Xrz-jZPC
21193,blz.to,https://blz.to/r/KoY_WAO-nd
21194,blz.to,https://blz.to/r/c5enywP86s
21227,blz.to,https://blz.to/r/s6jDVADi0G
21242,blz.to,https://blz.to/r/raR_6FQPAt
21243,blz.to,https://blz.to/r/0CVCkSddXe
21248,blz.to,https://blz.to/r/r88vOCehoz
21263,blz.to,https://blz.to/r/vKz_EAiweS
21264,blz.to,https://blz.to/r/67n5mcDAI0
21268,blz.to,https://blz.to/r/oB444EfANl
21270,blz.to,https://blz.to/r/l4ooFG83N4
21356,blz.to,https://blz.to/r/iM36vCra8R
21374,blz.to,https://blz.to/r/z7GPNduCTX
21377,blz.to,https://blz.to/r/5dAYZYiaWY
21398,blz.to,https://blz.to/r/5HXzUPcClr
21420,blz.to,https://blz.to/r/w5fYb0h1dU
21566,blz.to,https://blz.to/r/1zf0CBb6s_
21605,blz.to,https://blz.to/r/XBRL1MTmQN
21869,blz.to,https://blz.to/r/vYUn-Lhvty
21870,blz.to,https://blz.to/r/rnRUXyP15q
21912,epocacosmeticos.com.br,https://www.epocacosmeticos.com.br/eudora-siage-glow-expert-kit-shampoo-condicionador/p?utm_source=pb_achadinhoscomcarol&utm_campaign=resenha&utm_medium=post-c#
22198,blz.to,https://blz.to/r/wE2HMjWL2q
22201,blz.to,https://blz.to/r/GzUzldbaGq
22580,blz.to,https://blz.to/r/V1IRCXPrRb
22592,blz.to,https://blz.to/r/b9bHgKwuc7
22778,blz.to,https://blz.to/r/S7GhsSlhFc
22779,blz.to,https://blz.to/r/vNYr_F79-g
22783,blz.to,https://blz.to/r/UjsrUhixMg
22786,blz.to,https://blz.to/r/0Li-sgz_Xs
22807,blz.to,https://blz.to/r/cT_qt3CCAR
22884,blz.to,https://blz.to/r/6bns_7fy1c
23267,blz.to,https://blz.to/r/RdLhTmtx7I
23268,blz.to,https://blz.to/r/V0lFMCYdzi
23665,blz.to,https://blz.to/r/K9cHNcpieP
24018,epocacosmeticos.com.br,https://www.epocacosmeticos.com.br/jean-paul-gaultier-scandal-absolu-parfum-concentre-perfume-feminino/p?utm_source=pb_achadinhoscomcarol&utm_campaign=promo_agostoepoca_082026&utm_medium=post_c
24024,epocacosmeticos.com.br,https://www.epocacosmeticos.com.br/212-heroes-for-her-collector-edition-carolina-herrera-perfume-feminino-eau-de-parfum/p?utm_source=pb_achadinhoscomcarol&utm_campaign=promo_agostoepoca_082026&utm_medium=post_c
24524,onelink.shein.com,https://onelink.shein.com/51/61gaqnrtwcid
24564,blz.to,https://blz.to/r/8yxOWZFJun
25318,blz.to,https://blz.to/r/o3vEX_SMTl
25319,blz.to,https://blz.to/r/0swleSQ4jB
25320,blz.to,https://blz.to/r/YY-2bgY0NG
25519,blz.to,https://blz.to/r/Q5R_XmERMq
25520,blz.to,https://blz.to/r/ikJTMRp5UC
25521,blz.to,https://blz.to/r/OTXwLf0ajF
25522,blz.to,https://blz.to/r/E6pm8s3bK4
25524,blz.to,https://blz.to/r/nl_4_ZvV_t
25525,blz.to,https://blz.to/r/CbF79qUF6x
25530,blz.to,https://blz.to/r/1Br-82kw0M
25531,blz.to,https://blz.to/r/EAaXCATvXb
25776,blz.to,https://blz.to/r/9Ga2blHWJw
25870,blz.to,https://blz.to/r/ZQIzujkHPr
26050,blz.to,https://blz.to/r/YZz-FO-HGn
26053,blz.to,https://blz.to/r/G43RiWPVR8
26054,blz.to,https://blz.to/r/wOBdnFgF9O
26227,blz.to,https://blz.to/r/GPBBwiWBkx
26352,epocacosmeticos.com.br,https://www.epocacosmeticos.com.br/body-mist-jo-malone-london-english-pear--freesia/p?utm_source=pb_achadinhoscomcarol&utm_campaign=promo_julhooo_072026&utm_medium=post_c
26361,epocacosmeticos.com.br,https://www.epocacosmeticos.com.br/flower-by-kenzo-eau-legere-eau-de-toilette-kenzo-perfume-feminino/p?utm_source=pb_achadinhoscomcarol&utm_campaign=promo_setembrosquad_092026&utm_medium=post_c
26385,blz.to,https://blz.to/r/J1rvp__HAU
26408,epocacosmeticos.com.br,https://www.epocacosmeticos.com.br/prada-paradoxe-perfume-feminino-eau-de-parfum/p?utm_source=pb_achadinhoscomcarol&utm_campaign=promo_setembrosquad_092026&utm_medium=post_c
26409,epocacosmeticos.com.br,https://www.epocacosmeticos.com.br/blush-em-po-aveludado-mac-skinfinish-colourstruck-blush/p?utm_source=pb_achadinhoscomcarol&utm_campaign=promo_setembrosquad_092026&utm_medium=post_c
26520,epocacosmeticos.com.br,https://www.epocacosmeticos.com.br/coffret-habit-rouge-kit-perfume-edt--tr--gb/p?utm_source=pb_achadinhoscomcarol&utm_campaign=promo_setembrosquad_092026&utm_medium=post_c
26614,epocacosmeticos.com.br,https://www.epocacosmeticos.com.br/narciso-rodriguez-for-her-eau-de-toilette-narciso-rodriguez-perfume-feminino/p?utm_source=pb_achadinhoscomcarol&utm_campaign=promo_setembrosquad_092026&utm_medium=post_c
26618,epocacosmeticos.com.br,https://www.epocacosmeticos.com.br/narciso-rodriguez-for-her-eau-de-parfum-narciso-rodriguez-perfume-feminino/p?utm_source=pb_achadinhoscomcarol&utm_campaign=promo_setembrosquad_092026&utm_medium=post_c
26711,epocacosmeticos.com.br,https://www.epocacosmeticos.com.br/hypnotic-poison-eau-de-toilette-dior-perfume-feminino/p?idsku=514&utm_source=pb_achadinhoscomcarol&utm_campaign=promo_setembrosquad_092026&utm_medium=post_c
27010,blz.to,https://blz.to/r/God7NS5nTI
27026,epocacosmeticos.com.br,https://www.epocacosmeticos.com.br/perfume-off-now-lancome-feminino-eau-de-toilette/p?utm_source=pb_achadinhoscomcarol&utm_campaign=promo_setembrosquad_092026&utm_medium=post_c
27203,blz.to,https://blz.to/r/0OSwBWfQfH
27205,on.ltk.com,https://on.ltk.com/+_EJbIJ6FXc-f2VreYRuTiw
27238,blz.to,https://blz.to/r/6jh_1BHDkS
27273,blz.to,https://blz.to/r/n89E85ECOI
27546,epocacosmeticos.com.br,https://www.epocacosmeticos.com.br/olympea-flora-paco-rabanne-perfume-feminino-eau-de-parfum/p?utm_source=pb_achadinhoscomcarol&utm_campaign=promo_setembrosquad_092026&utm_medium=post_c
27598,epocacosmeticos.com.br,https://www.epocacosmeticos.com.br/narciso-rodriguez-for-her-eau-de-toilette-narciso-rodriguez-perfume-feminino/p?utm_source=pb_achadinhoscomcarol&utm_campaign=promo_setembrosquad_092026&utm_medium=post_c
27599,epocacosmeticos.com.br,https://www.epocacosmeticos.com.br/perfume-for-her-narciso-rodriguez-feminino-eau-de-parfum/p?utm_source=pb_achadinhoscomcarol&utm_campaign=promo_setembrosquad_092026&utm_medium=post_c
27600,epocacosmeticos.com.br,https://www.epocacosmeticos.com.br/perfume-tommy-girl-new-york-tommy-hilfiger-feminino-eau-de-toilette/p?utm_source=pb_achadinhoscomcarol&utm_campaign=promo_setembrosquad_092026&utm_medium=post_c
27760,blz.to,https://blz.to/r/BTWgADBlW3
27828,epocacosmeticos.com.br,https://www.epocacosmeticos.com.br/blush-bronzeador-too-faced-sun-bunny/p?utm_source=pb_achadinhoscomcarol&utm_campaign=promo_setembrosquad_092026&utm_medium=post_c
27947,blz.to,https://blz.to/r/IzKVz0o7Ul
27948,blz.to,https://blz.to/r/Au57BIjSCu
27966,skelt.com.br,https://www.skelt.com.br/?utm_source=creators&utm_medium=SKACHADINHOSDEDIAEDENOITE&utm_campaign=inbazz
27981,blz.to,https://blz.to/r/9Rx2XAP8oJ
28139,blz.to,https://blz.to/r/f0x8IOaf2a
28260,blz.to,https://blz.to/r/DgaGRcbZYW
28340,blz.to,https://blz.to/r/67AlnLOPd7
28341,blz.to,https://blz.to/r/KIvUfDvhjQ
28342,blz.to,https://blz.to/r/APDSqfp49y
28382,skelt.com.br,https://www.skelt.com.br/?utm_source=creators&utm_medium=SKACHADINHOSDEDIAEDENOITE&utm_campaign=inbazz
28412,skelt.com.br,https://www.skelt.com.br/?utm_source=creators&utm_medium=SKACHADINHOSDEDIAEDENOITE&utm_campaign=inbazz
29188,blz.to,https://blz.to/r/fOBKSYnfSk
29189,blz.to,https://blz.to/r/NiiVetOFIm
29192,blz.to,https://blz.to/r/8iCn3YCecS
29372,epocacosmeticos.com.br,https://www.epocacosmeticos.com.br/perfume-light-blue-dolce--gabbana-feminino-eau-de-parfum/p?utm_source=pb_achadinhoscomcarol&utm_campaign=promo_setembrosquad_092026&utm_medium=post_c
29570,epocacosmeticos.com.br,https://www.epocacosmeticos.com.br/perfume-off-now-lancome-feminino-eau-de-toilette/p?utm_source=pb_achadinhoscomcarol&utm_campaign=promo_setembrosquad_092026&utm_medium=post_c
29628,epocacosmeticos.com.br,https://www.epocacosmeticos.com.br/coffret-marc-jacobs-daisy-kit-perfume-edt--ps/p?utm_source=pb_achadinhoscomcarol&utm_campaign=promo_setembrosquad_092026&utm_medium=post_c
